,name,top1,top5
0,"(0,0,0,0,0,0,0,0,0,0,0,0,0,0,0)",0.67978,0.87936
1,"(1,1,1,1,1,1,1,1,1,1,1,1,1,1,1)",0.68328,0.88214
