,name,top1,top5
0,"(0,)",0.67978,0.87936
1,"(1,)",0.68328,0.88214
2,"(2,)",0.68378,0.8815
3,"(3,)",0.68258,0.88282
4,"(4,)",0.68342,0.88252
5,"(5,)",0.6844,0.88258
6,"(6,)",0.6835,0.88208
