,name,top1,top5
0,"(0,2,6,7,8,9,10,11)",0.6841,0.88134
1,"(0,2,4,9,10)",0.68336,0.88092
2,"(2,3,4,5,10,12)",0.68262,0.88014
3,"(0,3,8,9,10,12)",0.6827,0.88084
