,name,top1,top5
0,(),0.68362,0.88254
1,"(0,1,2,3,4,5,6,7,8,9,10,11,12,13,14)",0.67298,0.8738
